{
  "Author": "Avaflow, Ars Magna, Kelvin, k0shmyata",
  "Name": "OopsNOFURRIESSRE",
  "InternalName": "OopsAllLalafellsSRE",
  "AssemblyVersion": "2.0.2.3",
  "Description": "Turn furries around you into Lalafells (or other races!)\n/nof on = enable plugin.\n/nof off = disable plugin.",
  "ApplicableVersion": "any",
  "Tags": [
    "lalafells"
  ],
  "DalamudApiLevel": 13,
  "LoadRequiredState": 0,
  "LoadSync": false,
  "CanUnloadAsync": false,
  "LoadPriority": 0,
  "Punchline": "Turn furries around you into Lalafells (or other races!)",
  "AcceptsFeedback": true
}